timestamp,is_anomaly
1396332000,False
1396332300,False
1396332600,False
1396332900,False
1396333200,False
1396333500,False
1396333800,False
1396334100,False
1396334400,False
1396334700,False
1396335000,False
1396335300,False
1396335600,False
1396335900,False
1396336200,False
1396336500,False
1396336800,False
1396337100,False
1396337400,False
1396337700,False
1396338000,False
1396338300,False
1396338600,False
1396338900,False
1396339200,False
1396339500,False
1396339800,False
1396340100,False
1396340400,False
1396340700,False
1396341000,False
1396341300,False
1396341600,False
1396341900,False
1396342200,False
1396342500,False
1396342800,True
1396343100,True
1396343400,True
1396343700,True
1396344000,True
1396344300,True
1396344600,True
1396344900,True
1396345200,True
1396345500,True
1396345800,False
1396346100,False
1396346400,False
1396346700,True
1396347000,False
1396347300,False
1396347600,False
1396347900,False
1396348200,False
1396348500,False
1396348800,False
1396349100,False
1396349400,False
1396349700,False
1396350000,False
1396350300,False
1396350600,False
1396350900,False
1396351200,False
1396351500,False
1396351800,False
1396352100,False
1396352400,False
1396352700,False
1396353000,False
1396353300,False
1396353600,False
1396353900,False
1396354200,False
1396354500,False
1396354800,False
1396355100,False
1396355400,False
1396355700,False
1396356000,False
1396356300,False
1396356600,False
1396356900,False
1396357200,False
1396357500,False
1396357800,False
1396358100,False
1396358400,False
1396358700,False
1396359000,False
1396359300,False
1396359600,False
1396359900,False
1396360200,False
1396360500,False
1396360800,False
1396361100,False
1396361400,False
1396361700,False
1396362000,False
1396362300,False
1396362600,False
1396362900,False
1396363200,False
1396363500,False
1396363800,False
1396364100,False
1396364400,False
1396364700,False
1396365000,False
1396365300,False
1396365600,False
1396365900,False
1396366200,False
1396366500,False
1396366800,False
1396367100,False
1396367400,False
1396367700,False
1396368000,False
1396368300,False
1396368600,False
1396368900,False
1396369200,False
1396369500,False
1396369800,False
1396370100,False
1396370400,False
1396370700,False
1396371000,False
1396371300,False
1396371600,False
1396371900,False
1396372200,False
1396372500,False
1396372800,False
1396373100,False
1396373400,False
1396373700,False
1396374000,False
1396374300,False
1396374600,False
1396374900,False
1396375200,False
1396375500,False
1396375800,False
1396376100,False
1396376400,False
1396376700,False
1396377000,False
1396377300,False
1396377600,False
1396377900,False
1396378200,False
1396378500,False
1396378800,True
1396379100,False
1396379400,False
1396379700,False
1396380000,False
1396380300,False
1396380600,False
1396380900,False
1396381200,False
1396381500,False
1396381800,False
1396382100,False
1396382400,False
1396382700,False
1396383000,False
1396383300,False
1396383600,False
1396383900,False
1396384200,False
1396384500,False
1396384800,False
1396385100,False
1396385400,False
1396385700,False
1396386000,False
1396386300,False
1396386600,False
1396386900,False
1396387200,False
1396387500,False
1396387800,False
1396388100,False
1396388400,False
1396388700,False
1396389000,False
1396389300,False
1396389600,False
1396389900,False
1396390200,False
1396390500,False
1396390800,False
1396391100,False
1396391400,False
1396391700,False
1396392000,False
1396392300,False
1396392600,False
1396392900,False
1396393200,False
1396393500,False
1396393800,False
1396394100,False
1396394400,False
1396394700,False
1396395000,False
1396395300,False
1396395600,False
1396395900,False
1396396200,False
1396396500,False
1396396800,False
1396397100,False
1396397400,False
1396397700,False
1396398000,False
1396398300,False
1396398600,False
1396398900,False
1396399200,False
1396399500,False
1396399800,False
1396400100,False
1396400400,False
1396400700,False
1396401000,False
1396401300,False
1396401600,False
1396401900,False
1396402200,False
1396402500,False
1396402800,False
1396403100,False
1396403400,False
1396403700,False
1396404000,False
1396404300,False
1396404600,False
1396404900,False
1396405200,False
1396405500,False
1396405800,False
1396406100,False
1396406400,False
1396406700,False
1396407000,False
1396407300,False
1396407600,False
1396407900,False
1396408200,False
1396408500,False
1396408800,False
1396409100,False
1396409400,False
1396409700,False
1396410000,False
1396410300,False
1396410600,False
1396410900,False
1396411200,False
1396411500,False
1396411800,False
1396412100,False
1396412400,False
1396412700,False
1396413000,False
1396413300,False
1396413600,False
1396413900,False
1396414200,False
1396414500,False
1396414800,False
1396415100,False
1396415400,False
1396415700,False
1396416000,False
1396416300,False
1396416600,False
1396416900,False
1396417200,False
1396417500,False
1396417800,False
1396418100,False
1396418400,False
1396418700,False
1396419000,False
1396419300,False
1396419600,False
1396419900,False
1396420200,False
1396420500,False
1396420800,False
1396421100,False
1396421400,False
1396421700,False
1396422000,False
1396422300,False
1396422600,False
1396422900,False
1396423200,False
1396423500,False
1396423800,False
1396424100,False
1396424400,False
1396424700,False
1396425000,False
1396425300,False
1396425600,False
1396425900,False
1396426200,False
1396426500,False
1396426800,False
1396427100,False
1396427400,False
1396427700,False
1396428000,False
1396428300,False
1396428600,False
1396428900,False
1396429200,True
1396429500,True
1396429800,True
1396430100,True
1396430400,True
1396430700,False
1396431000,False
1396431300,False
1396431600,False
1396431900,False
1396432200,False
1396432500,False
1396432800,False
1396433100,False
1396433400,False
1396433700,False
1396434000,False
1396434300,False
1396434600,False
1396434900,False
1396435200,False
1396435500,False
1396435800,False
1396436100,False
1396436400,False
1396436700,False
1396437000,False
1396437300,False
1396437600,False
1396437900,False
1396438200,False
1396438500,False
1396438800,False
1396439100,False
1396439400,False
1396439700,False
1396440000,False
1396440300,False
1396440600,False
1396440900,False
1396441200,False
1396441500,False
1396441800,False
1396442100,False
1396442400,False
1396442700,False
1396443000,False
1396443300,False
1396443600,False
1396443900,False
1396444200,False
1396444500,False
1396444800,False
1396445100,False
1396445400,False
1396445700,False
1396446000,False
1396446300,False
1396446600,False
1396446900,False
1396447200,False
1396447500,False
1396447800,False
1396448100,False
1396448400,False
1396448700,False
1396449000,False
1396449300,False
1396449600,False
1396449900,False
1396450200,False
1396450500,False
1396450800,False
1396451100,False
1396451400,False
1396451700,False
1396452000,False
1396452300,False
1396452600,False
1396452900,False
1396453200,False
1396453500,False
1396453800,False
1396454100,False
1396454400,False
1396454700,False
1396455000,False
1396455300,False
1396455600,False
1396455900,False
1396456200,False
1396456500,False
1396456800,False
1396457100,False
1396457400,False
1396457700,False
1396458000,False
1396458300,False
1396458600,False
1396458900,False
1396459200,False
1396459500,False
1396459800,False
1396460100,False
1396460400,False
1396460700,False
1396461000,False
1396461300,False
1396461600,False
1396461900,False
1396462200,False
1396462500,False
1396462800,False
1396463100,False
1396463400,False
1396463700,False
1396464000,False
1396464300,False
1396464600,False
1396464900,False
1396465200,False
1396465500,False
1396465800,False
1396466100,False
1396466400,False
1396466700,False
1396467000,False
1396467300,False
1396467600,False
1396467900,False
1396468200,False
1396468500,False
1396468800,False
1396469100,False
1396469400,False
1396469700,False
1396470000,False
1396470300,False
1396470600,False
1396470900,False
1396471200,False
1396471500,False
1396471800,False
1396472100,False
1396472400,False
1396472700,False
1396473000,False
1396473300,False
1396473600,False
1396473900,False
1396474200,False
1396474500,False
1396474800,False
1396475100,False
1396475400,False
1396475700,False
1396476000,False
1396476300,False
1396476600,False
1396476900,False
1396477200,False
1396477500,False
1396477800,False
1396478100,False
1396478400,False
1396478700,False
1396479000,False
1396479300,False
1396479600,False
1396479900,False
1396480200,False
1396480500,False
1396480800,False
1396481100,False
1396481400,False
1396481700,False
1396482000,False
1396482300,False
1396482600,False
1396482900,False
1396483200,False
1396483500,False
1396483800,False
1396484100,False
1396484400,False
1396484700,False
1396485000,False
1396485300,False
1396485600,False
1396485900,False
1396486200,False
1396486500,False
1396486800,False
1396487100,False
1396487400,False
1396487700,False
1396488000,False
1396488300,False
1396488600,False
1396488900,False
1396489200,False
1396489500,False
1396489800,False
1396490100,False
1396490400,False
1396490700,False
1396491000,False
1396491300,False
1396491600,False
1396491900,False
1396492200,False
1396492500,False
1396492800,False
1396493100,False
1396493400,False
1396493700,False
1396494000,False
1396494300,False
1396494600,False
1396494900,False
1396495200,False
1396495500,False
1396495800,False
1396496100,False
1396496400,False
1396496700,False
1396497000,False
1396497300,False
1396497600,False
1396497900,False
1396498200,False
1396498500,False
1396498800,False
1396499100,False
1396499400,False
1396499700,False
1396500000,False
1396500300,False
1396500600,False
1396500900,False
1396501200,False
1396501500,False
1396501800,False
1396502100,False
1396502400,False
1396502700,False
1396503000,False
1396503300,False
1396503600,False
1396503900,False
1396504200,False
1396504500,False
1396504800,False
1396505100,False
1396505400,False
1396505700,False
1396506000,False
1396506300,False
1396506600,False
1396506900,False
1396507200,False
1396507500,False
1396507800,False
1396508100,False
1396508400,False
1396508700,False
1396509000,False
1396509300,False
1396509600,False
1396509900,False
1396510200,False
1396510500,False
1396510800,False
1396511100,False
1396511400,False
1396511700,False
1396512000,False
1396512300,False
1396512600,False
1396512900,False
1396513200,False
1396513500,False
1396513800,False
1396514100,False
1396514400,False
1396514700,False
1396515000,False
1396515300,False
1396515600,True
1396515900,True
1396516200,True
1396516500,True
1396516800,True
1396517100,False
1396517400,False
1396517700,False
1396518000,False
1396518300,False
1396518600,False
1396518900,False
1396519200,False
1396519500,False
1396519800,False
1396520100,False
1396520400,False
1396520700,False
1396521000,False
1396521300,False
1396521600,False
1396521900,False
1396522200,False
1396522500,False
1396522800,False
1396523100,False
1396523400,False
1396523700,False
1396524000,False
1396524300,False
1396524600,False
1396524900,False
1396525200,False
1396525500,False
1396525800,False
1396526100,False
1396526400,False
1396526700,False
1396527000,False
1396527300,False
1396527600,False
1396527900,False
1396528200,False
1396528500,False
1396528800,False
1396529100,False
1396529400,False
1396529700,False
1396530000,False
1396530300,False
1396530600,False
1396530900,False
1396531200,False
1396531500,False
1396531800,False
1396532100,False
1396532400,False
1396532700,False
1396533000,False
1396533300,False
1396533600,False
1396533900,False
1396534200,False
1396534500,False
1396534800,False
1396535100,False
1396535400,False
1396535700,False
1396536000,False
1396536300,False
1396536600,False
1396536900,False
1396537200,False
1396537500,False
1396537800,False
1396538100,False
1396538400,False
1396538700,False
1396539000,False
1396539300,False
1396539600,False
1396539900,False
1396540200,False
1396540500,False
1396540800,False
1396541100,False
1396541400,False
1396541700,False
1396542000,False
1396542300,False
1396542600,False
1396542900,False
1396543200,False
1396543500,False
1396543800,False
1396544100,False
1396544400,False
1396544700,False
1396545000,False
1396545300,False
1396545600,False
1396545900,False
1396546200,False
1396546500,False
1396546800,False
1396547100,False
1396547400,False
1396547700,False
1396548000,False
1396548300,False
1396548600,False
1396548900,False
1396549200,False
1396549500,False
1396549800,False
1396550100,False
1396550400,False
1396550700,False
1396551000,False
1396551300,False
1396551600,False
1396551900,False
1396552200,False
1396552500,False
1396552800,False
1396553100,False
1396553400,False
1396553700,False
1396554000,False
1396554300,False
1396554600,False
1396554900,False
1396555200,False
1396555500,False
1396555800,False
1396556100,False
1396556400,False
1396556700,False
1396557000,False
1396557300,False
1396557600,False
1396557900,False
1396558200,False
1396558500,False
1396558800,False
1396559100,False
1396559400,False
1396559700,False
1396560000,False
1396560300,False
1396560600,False
1396560900,False
1396561200,False
1396561500,False
1396561800,False
1396562100,False
1396562400,False
1396562700,False
1396563000,False
1396563300,False
1396563600,False
1396563900,False
1396564200,False
1396564500,False
1396564800,False
1396565100,False
1396565400,False
1396565700,False
1396566000,False
1396566300,False
1396566600,False
1396566900,False
1396567200,False
1396567500,False
1396567800,False
1396568100,False
1396568400,False
1396568700,False
1396569000,False
1396569300,False
1396569600,False
1396569900,False
1396570200,False
1396570500,False
1396570800,False
1396571100,False
1396571400,False
1396571700,False
1396572000,False
1396572300,False
1396572600,False
1396572900,False
1396573200,False
1396573500,False
1396573800,False
1396574100,False
1396574400,False
1396574700,False
1396575000,False
1396575300,False
1396575600,False
1396575900,False
1396576200,False
1396576500,False
1396576800,False
1396577100,False
1396577400,False
1396577700,False
1396578000,False
1396578300,False
1396578600,False
1396578900,False
1396579200,False
1396579500,False
1396579800,False
1396580100,False
1396580400,False
1396580700,False
1396581000,False
1396581300,False
1396581600,False
1396581900,False
1396582200,False
1396582500,False
1396582800,False
1396583100,False
1396583400,False
1396583700,False
1396584000,False
1396584300,False
1396584600,False
1396584900,False
1396585200,False
1396585500,False
1396585800,False
1396586100,False
1396586400,False
1396586700,False
1396587000,False
1396587300,False
1396587600,False
1396587900,False
1396588200,False
1396588500,False
1396588800,False
1396589100,False
1396589400,False
1396589700,False
1396590000,False
1396590300,False
1396590600,False
1396590900,False
1396591200,False
1396591500,False
1396591800,False
1396592100,False
1396592400,False
1396592700,False
1396593000,False
1396593300,False
1396593600,False
1396593900,False
1396594200,False
1396594500,False
1396594800,False
1396595100,False
1396595400,False
1396595700,False
1396596000,False
1396596300,False
1396596600,False
1396596900,False
1396597200,False
1396597500,False
1396597800,False
1396598100,False
1396598400,False
1396598700,False
1396599000,False
1396599300,False
1396599600,False
1396599900,False
1396600200,False
1396600500,False
1396600800,False
1396601100,False
1396601400,False
1396601700,False
1396602000,True
1396602300,True
1396602600,True
1396602900,False
1396603200,False
1396603500,False
1396603800,False
1396604100,False
1396604400,False
1396604700,False
1396605000,False
1396605300,False
1396605600,False
1396605900,False
1396606200,False
1396606500,False
1396606800,False
1396607100,False
1396607400,False
1396607700,False
1396608000,False
1396608300,False
1396608600,False
1396608900,False
1396609200,False
1396609500,False
1396609800,False
1396610100,False
1396610400,False
1396610700,False
1396611000,False
1396611300,False
1396611600,False
1396611900,False
1396612200,False
1396612500,False
1396612800,False
1396613100,False
1396613400,False
1396613700,False
1396614000,False
1396614300,False
1396614600,False
1396614900,False
1396615200,False
1396615500,False
1396615800,False
1396616100,False
1396616400,False
1396616700,False
1396617000,False
1396617300,False
1396617600,False
1396617900,False
1396618200,False
1396618500,False
1396618800,False
1396619100,False
1396619400,False
1396619700,False
1396620000,False
1396620300,False
1396620600,False
1396620900,False
1396621200,False
1396621500,False
1396621800,False
1396622100,False
1396622400,False
1396622700,False
1396623000,False
1396623300,False
1396623600,False
1396623900,False
1396624200,False
1396624500,False
1396624800,False
1396625100,False
1396625400,False
1396625700,False
1396626000,False
1396626300,False
1396626600,False
1396626900,False
1396627200,False
1396627500,False
1396627800,False
1396628100,False
1396628400,False
1396628700,False
1396629000,False
1396629300,False
1396629600,False
1396629900,False
1396630200,False
1396630500,False
1396630800,False
1396631100,False
1396631400,False
1396631700,False
1396632000,False
1396632300,False
1396632600,False
1396632900,False
1396633200,False
1396633500,False
1396633800,False
1396634100,False
1396634400,False
1396634700,False
1396635000,False
1396635300,False
1396635600,False
1396635900,False
1396636200,False
1396636500,False
1396636800,False
1396637100,False
1396637400,False
1396637700,False
1396638000,False
1396638300,False
1396638600,False
1396638900,False
1396639200,False
1396639500,False
1396639800,False
1396640100,False
1396640400,False
1396640700,False
1396641000,False
1396641300,False
1396641600,False
1396641900,False
1396642200,False
1396642500,False
1396642800,False
1396643100,False
1396643400,False
1396643700,False
1396644000,False
1396644300,False
1396644600,False
1396644900,False
1396645200,False
1396645500,False
1396645800,False
1396646100,False
1396646400,False
1396646700,False
1396647000,False
1396647300,False
1396647600,False
1396647900,False
1396648200,False
1396648500,False
1396648800,False
1396649100,False
1396649400,False
1396649700,False
1396650000,False
1396650300,False
1396650600,False
1396650900,False
1396651200,False
1396651500,False
1396651800,False
1396652100,False
1396652400,False
1396652700,False
1396653000,False
1396653300,False
1396653600,False
1396653900,False
1396654200,False
1396654500,False
1396654800,False
1396655100,False
1396655400,False
1396655700,False
1396656000,False
1396656300,False
1396656600,False
1396656900,False
1396657200,False
1396657500,False
1396657800,False
1396658100,False
1396658400,False
1396658700,False
1396659000,False
1396659300,False
1396659600,False
1396659900,False
1396660200,False
1396660500,False
1396660800,False
1396661100,False
1396661400,False
1396661700,False
1396662000,False
1396662300,False
1396662600,False
1396662900,False
1396663200,False
1396663500,False
1396663800,False
1396664100,False
1396664400,False
1396664700,False
1396665000,False
1396665300,False
1396665600,False
1396665900,False
1396666200,False
1396666500,False
1396666800,False
1396667100,False
1396667400,False
1396667700,False
1396668000,False
1396668300,False
1396668600,False
1396668900,False
1396669200,False
1396669500,False
1396669800,False
1396670100,False
1396670400,False
1396670700,False
1396671000,False
1396671300,False
1396671600,False
1396671900,False
1396672200,False
1396672500,False
1396672800,False
1396673100,False
1396673400,False
1396673700,False
1396674000,False
1396674300,False
1396674600,False
1396674900,False
1396675200,False
1396675500,False
1396675800,False
1396676100,False
1396676400,False
1396676700,False
1396677000,False
1396677300,False
1396677600,False
1396677900,False
1396678200,False
1396678500,False
1396678800,False
1396679100,False
1396679400,False
1396679700,False
1396680000,False
1396680300,False
1396680600,False
1396680900,False
1396681200,False
1396681500,False
1396681800,False
1396682100,False
1396682400,False
1396682700,False
1396683000,False
1396683300,False
1396683600,False
1396683900,False
1396684200,False
1396684500,False
1396684800,False
1396685100,False
1396685400,False
1396685700,False
1396686000,False
1396686300,False
1396686600,False
1396686900,False
1396687200,False
1396687500,False
1396687800,False
1396688100,False
1396688400,False
1396688700,False
1396689000,False
1396689300,False
1396689600,False
1396689900,False
1396690200,False
1396690500,False
1396690800,False
1396691100,False
1396691400,False
1396691700,False
1396692000,False
1396692300,False
1396692600,False
1396692900,False
1396693200,False
1396693500,False
1396693800,False
1396694100,False
1396694400,False
1396694700,False
1396695000,False
1396695300,False
1396695600,False
1396695900,False
1396696200,False
1396696500,False
1396696800,False
1396697100,False
1396697400,False
1396697700,False
1396698000,False
1396698300,False
1396698600,False
1396698900,False
1396699200,False
1396699500,False
1396699800,False
1396700100,False
1396700400,False
1396700700,False
1396701000,False
1396701300,False
1396701600,False
1396701900,False
1396702200,False
1396702500,False
1396702800,False
1396703100,False
1396703400,False
1396703700,False
1396704000,False
1396704300,False
1396704600,False
1396704900,False
1396705200,False
1396705500,False
1396705800,False
1396706100,False
1396706400,False
1396706700,False
1396707000,False
1396707300,False
1396707600,False
1396707900,False
1396708200,False
1396708500,False
1396708800,False
1396709100,False
1396709400,False
1396709700,False
1396710000,False
1396710300,False
1396710600,False
1396710900,False
1396711200,False
1396711500,False
1396711800,False
1396712100,False
1396712400,False
1396712700,False
1396713000,False
1396713300,False
1396713600,False
1396713900,False
1396714200,False
1396714500,False
1396714800,False
1396715100,False
1396715400,False
1396715700,False
1396716000,False
1396716300,False
1396716600,False
1396716900,False
1396717200,False
1396717500,False
1396717800,False
1396718100,False
1396718400,False
1396718700,False
1396719000,False
1396719300,False
1396719600,False
1396719900,False
1396720200,False
1396720500,False
1396720800,False
1396721100,False
1396721400,False
1396721700,False
1396722000,False
1396722300,False
1396722600,False
1396722900,False
1396723200,False
1396723500,False
1396723800,False
1396724100,False
1396724400,False
1396724700,False
1396725000,False
1396725300,False
1396725600,False
1396725900,False
1396726200,False
1396726500,False
1396726800,False
1396727100,False
1396727400,False
1396727700,False
1396728000,False
1396728300,False
1396728600,False
1396728900,False
1396729200,False
1396729500,False
1396729800,False
1396730100,False
1396730400,False
1396730700,False
1396731000,False
1396731300,False
1396731600,False
1396731900,False
1396732200,False
1396732500,False
1396732800,False
1396733100,False
1396733400,False
1396733700,False
1396734000,False
1396734300,False
1396734600,False
1396734900,False
1396735200,False
1396735500,False
1396735800,False
1396736100,False
1396736400,False
1396736700,False
1396737000,False
1396737300,False
1396737600,False
1396737900,False
1396738200,False
1396738500,False
1396738800,False
1396739100,False
1396739400,False
1396739700,False
1396740000,False
1396740300,False
1396740600,False
1396740900,False
1396741200,False
1396741500,False
1396741800,False
1396742100,False
1396742400,False
1396742700,False
1396743000,False
1396743300,False
1396743600,False
1396743900,False
1396744200,False
1396744500,False
1396744800,False
1396745100,False
1396745400,False
1396745700,False
1396746000,False
1396746300,False
1396746600,False
1396746900,False
1396747200,False
1396747500,False
1396747800,False
1396748100,False
1396748400,False
1396748700,False
1396749000,False
1396749300,False
1396749600,False
1396749900,False
1396750200,False
1396750500,False
1396750800,False
1396751100,False
1396751400,False
1396751700,False
1396752000,False
1396752300,False
1396752600,False
1396752900,False
1396753200,False
1396753500,False
1396753800,False
1396754100,False
1396754400,False
1396754700,False
1396755000,False
1396755300,False
1396755600,False
1396755900,False
1396756200,False
1396756500,False
1396756800,False
1396757100,False
1396757400,False
1396757700,False
1396758000,False
1396758300,False
1396758600,False
1396758900,False
1396759200,False
1396759500,False
1396759800,False
1396760100,False
1396760400,False
1396760700,False
1396761000,False
1396761300,False
1396761600,False
1396761900,False
1396762200,False
1396762500,False
1396762800,False
1396763100,False
1396763400,False
1396763700,False
1396764000,False
1396764300,False
1396764600,False
1396764900,False
1396765200,False
1396765500,False
1396765800,False
1396766100,False
1396766400,False
1396766700,False
1396767000,False
1396767300,False
1396767600,False
1396767900,False
1396768200,False
1396768500,False
1396768800,False
1396769100,False
1396769400,False
1396769700,False
1396770000,False
1396770300,False
1396770600,False
1396770900,False
1396771200,False
1396771500,False
1396771800,False
1396772100,False
1396772400,False
1396772700,False
1396773000,False
1396773300,False
1396773600,False
1396773900,False
1396774200,False
1396774500,False
1396774800,False
1396775100,False
1396775400,False
1396775700,False
1396776000,False
1396776300,False
1396776600,False
1396776900,False
1396777200,False
1396777500,False
1396777800,False
1396778100,False
1396778400,False
1396778700,False
1396779000,False
1396779300,False
1396779600,False
1396779900,False
1396780200,False
1396780500,False
1396780800,False
1396781100,False
1396781400,False
1396781700,False
1396782000,False
1396782300,False
1396782600,False
1396782900,False
1396783200,False
1396783500,False
1396783800,False
1396784100,False
1396784400,False
1396784700,False
1396785000,False
1396785300,False
1396785600,False
1396785900,False
1396786200,False
1396786500,False
1396786800,False
1396787100,False
1396787400,False
1396787700,False
1396788000,False
1396788300,False
1396788600,False
1396788900,False
1396789200,False
1396789500,False
1396789800,False
1396790100,False
1396790400,False
1396790700,False
1396791000,False
1396791300,False
1396791600,False
1396791900,False
1396792200,False
1396792500,False
1396792800,False
1396793100,False
1396793400,False
1396793700,False
1396794000,False
1396794300,False
1396794600,False
1396794900,False
1396795200,False
1396795500,False
1396795800,False
1396796100,False
1396796400,False
1396796700,False
1396797000,False
1396797300,False
1396797600,False
1396797900,False
1396798200,False
1396798500,False
1396798800,False
1396799100,False
1396799400,False
1396799700,False
1396800000,False
1396800300,False
1396800600,False
1396800900,False
1396801200,False
1396801500,False
1396801800,False
1396802100,False
1396802400,False
1396802700,False
1396803000,False
1396803300,False
1396803600,False
1396803900,False
1396804200,False
1396804500,False
1396804800,False
1396805100,False
1396805400,False
1396805700,False
1396806000,False
1396806300,False
1396806600,False
1396806900,False
1396807200,False
1396807500,False
1396807800,False
1396808100,False
1396808400,False
1396808700,False
1396809000,False
1396809300,False
1396809600,False
1396809900,False
1396810200,False
1396810500,False
1396810800,False
1396811100,False
1396811400,False
1396811700,False
1396812000,False
1396812300,False
1396812600,False
1396812900,False
1396813200,False
1396813500,False
1396813800,False
1396814100,False
1396814400,False
1396814700,False
1396815000,False
1396815300,False
1396815600,False
1396815900,False
1396816200,False
1396816500,False
1396816800,False
1396817100,False
1396817400,False
1396817700,False
1396818000,False
1396818300,False
1396818600,False
1396818900,False
1396819200,False
1396819500,False
1396819800,False
1396820100,False
1396820400,False
1396820700,False
1396821000,False
1396821300,False
1396821600,False
1396821900,False
1396822200,False
1396822500,False
1396822800,False
1396823100,False
1396823400,False
1396823700,False
1396824000,False
1396824300,False
1396824600,False
1396824900,False
1396825200,False
1396825500,False
1396825800,False
1396826100,False
1396826400,False
1396826700,False
1396827000,False
1396827300,False
1396827600,False
1396827900,False
1396828200,False
1396828500,False
1396828800,False
1396829100,False
1396829400,False
1396829700,False
1396830000,False
1396830300,False
1396830600,False
1396830900,False
1396831200,False
1396831500,False
1396831800,False
1396832100,False
1396832400,False
1396832700,False
1396833000,False
1396833300,False
1396833600,False
1396833900,False
1396834200,False
1396834500,False
1396834800,False
1396835100,False
1396835400,False
1396835700,False
1396836000,False
1396836300,False
1396836600,False
1396836900,False
1396837200,False
1396837500,False
1396837800,False
1396838100,False
1396838400,False
1396838700,False
1396839000,False
1396839300,False
1396839600,False
1396839900,False
1396840200,False
1396840500,False
1396840800,False
1396841100,False
1396841400,False
1396841700,False
1396842000,False
1396842300,False
1396842600,False
1396842900,False
1396843200,False
1396843500,False
1396843800,False
1396844100,False
1396844400,False
1396844700,False
1396845000,False
1396845300,False
1396845600,False
1396845900,False
1396846200,False
1396846500,False
1396846800,False
1396847100,False
1396847400,False
1396847700,False
1396848000,False
1396848300,False
1396848600,False
1396848900,False
1396849200,False
1396849500,False
1396849800,False
1396850100,False
1396850400,False
1396850700,False
1396851000,False
1396851300,False
1396851600,False
1396851900,False
1396852200,False
1396852500,False
1396852800,False
1396853100,False
1396853400,False
1396853700,False
1396854000,False
1396854300,False
1396854600,False
1396854900,False
1396855200,False
1396855500,False
1396855800,False
1396856100,False
1396856400,False
1396856700,False
1396857000,False
1396857300,False
1396857600,False
1396857900,False
1396858200,False
1396858500,False
1396858800,False
1396859100,False
1396859400,False
1396859700,False
1396860000,False
1396860300,False
1396860600,False
1396860900,False
1396861200,False
1396861500,False
1396861800,False
1396862100,False
1396862400,False
1396862700,False
1396863000,False
1396863300,False
1396863600,False
1396863900,False
1396864200,False
1396864500,False
1396864800,False
1396865100,False
1396865400,False
1396865700,False
1396866000,False
1396866300,False
1396866600,False
1396866900,False
1396867200,False
1396867500,False
1396867800,False
1396868100,False
1396868400,False
1396868700,False
1396869000,False
1396869300,False
1396869600,False
1396869900,False
1396870200,False
1396870500,False
1396870800,False
1396871100,False
1396871400,False
1396871700,False
1396872000,False
1396872300,False
1396872600,False
1396872900,False
1396873200,False
1396873500,False
1396873800,False
1396874100,False
1396874400,False
1396874700,False
1396875000,False
1396875300,False
1396875600,False
1396875900,False
1396876200,False
1396876500,False
1396876800,False
1396877100,False
1396877400,False
1396877700,False
1396878000,False
1396878300,False
1396878600,False
1396878900,False
1396879200,False
1396879500,False
1396879800,False
1396880100,False
1396880400,False
1396880700,False
1396881000,False
1396881300,False
1396881600,False
1396881900,False
1396882200,False
1396882500,False
1396882800,False
1396883100,False
1396883400,False
1396883700,False
1396884000,False
1396884300,False
1396884600,False
1396884900,False
1396885200,False
1396885500,False
1396885800,False
1396886100,False
1396886400,False
1396886700,False
1396887000,False
1396887300,False
1396887600,False
1396887900,False
1396888200,False
1396888500,False
1396888800,False
1396889100,False
1396889400,False
1396889700,False
1396890000,False
1396890300,False
1396890600,False
1396890900,False
1396891200,False
1396891500,False
1396891800,False
1396892100,False
1396892400,False
1396892700,False
1396893000,False
1396893300,False
1396893600,False
1396893900,False
1396894200,False
1396894500,False
1396894800,False
1396895100,False
1396895400,False
1396895700,False
1396896000,False
1396896300,False
1396896600,False
1396896900,False
1396897200,False
1396897500,False
1396897800,False
1396898100,False
1396898400,False
1396898700,False
1396899000,False
1396899300,False
1396899600,False
1396899900,False
1396900200,False
1396900500,False
1396900800,False
1396901100,False
1396901400,False
1396901700,False
1396902000,False
1396902300,False
1396902600,False
1396902900,False
1396903200,False
1396903500,False
1396903800,False
1396904100,False
1396904400,False
1396904700,False
1396905000,False
1396905300,False
1396905600,False
1396905900,False
1396906200,False
1396906500,False
1396906800,False
1396907100,False
1396907400,False
1396907700,False
1396908000,False
1396908300,False
1396908600,False
1396908900,False
1396909200,False
1396909500,False
1396909800,False
1396910100,False
1396910400,False
1396910700,False
1396911000,False
1396911300,False
1396911600,False
1396911900,False
1396912200,False
1396912500,False
1396912800,False
1396913100,False
1396913400,False
1396913700,False
1396914000,False
1396914300,False
1396914600,False
1396914900,False
1396915200,False
1396915500,False
1396915800,False
1396916100,False
1396916400,False
1396916700,False
1396917000,False
1396917300,False
1396917600,False
1396917900,False
1396918200,False
1396918500,False
1396918800,False
1396919100,False
1396919400,False
1396919700,False
1396920000,False
1396920300,False
1396920600,False
1396920900,False
1396921200,False
1396921500,False
1396921800,False
1396922100,False
1396922400,False
1396922700,False
1396923000,False
1396923300,False
1396923600,False
1396923900,False
1396924200,False
1396924500,False
1396924800,False
1396925100,False
1396925400,False
1396925700,False
1396926000,False
1396926300,False
1396926600,False
1396926900,False
1396927200,False
1396927500,False
1396927800,False
1396928100,False
1396928400,False
1396928700,False
1396929000,False
1396929300,False
1396929600,False
1396929900,False
1396930200,False
1396930500,False
1396930800,False
1396931100,False
1396931400,False
1396931700,False
1396932000,False
1396932300,False
1396932600,False
1396932900,False
1396933200,False
1396933500,False
1396933800,False
1396934100,False
1396934400,False
1396934700,False
1396935000,False
1396935300,False
1396935600,False
1396935900,False
1396936200,False
1396936500,False
1396936800,False
1396937100,False
1396937400,False
1396937700,False
1396938000,False
1396938300,False
1396938600,False
1396938900,False
1396939200,False
1396939500,False
1396939800,False
1396940100,False
1396940400,False
1396940700,False
1396941000,False
1396941300,False
1396941600,False
1396941900,False
1396942200,False
1396942500,False
1396942800,False
1396943100,False
1396943400,False
1396943700,False
1396944000,False
1396944300,False
1396944600,False
1396944900,False
1396945200,False
1396945500,False
1396945800,False
1396946100,False
1396946400,False
1396946700,False
1396947000,False
1396947300,False
1396947600,True
1396947900,False
1396948200,False
1396948500,False
1396948800,False
1396949100,False
1396949400,False
1396949700,False
1396950000,False
1396950300,False
1396950600,False
1396950900,False
1396951200,False
1396951500,False
1396951800,False
1396952100,False
1396952400,False
1396952700,False
1396953000,False
1396953300,False
1396953600,False
1396953900,False
1396954200,False
1396954500,False
1396954800,False
1396955100,False
1396955400,False
1396955700,False
1396956000,False
1396956300,False
1396956600,False
1396956900,False
1396957200,False
1396957500,False
1396957800,False
1396958100,False
1396958400,False
1396958700,False
1396959000,False
1396959300,False
1396959600,False
1396959900,False
1396960200,False
1396960500,False
1396960800,False
1396961100,False
1396961400,False
1396961700,False
1396962000,False
1396962300,False
1396962600,False
1396962900,False
1396963200,False
1396963500,False
1396963800,False
1396964100,False
1396964400,False
1396964700,False
1396965000,False
1396965300,False
1396965600,False
1396965900,False
1396966200,False
1396966500,False
1396966800,False
1396967100,False
1396967400,False
1396967700,False
1396968000,False
1396968300,False
1396968600,False
1396968900,False
1396969200,False
1396969500,False
1396969800,False
1396970100,False
1396970400,False
1396970700,False
1396971000,False
1396971300,False
1396971600,False
1396971900,False
1396972200,False
1396972500,False
1396972800,False
1396973100,False
1396973400,False
1396973700,False
1396974000,False
1396974300,False
1396974600,False
1396974900,False
1396975200,False
1396975500,False
1396975800,False
1396976100,False
1396976400,False
1396976700,False
1396977000,False
1396977300,False
1396977600,False
1396977900,False
1396978200,False
1396978500,False
1396978800,False
1396979100,False
1396979400,False
1396979700,False
1396980000,False
1396980300,False
1396980600,False
1396980900,False
1396981200,False
1396981500,False
1396981800,False
1396982100,False
1396982400,False
1396982700,False
1396983000,False
1396983300,False
1396983600,False
1396983900,False
1396984200,False
1396984500,False
1396984800,False
1396985100,False
1396985400,False
1396985700,False
1396986000,False
1396986300,False
1396986600,False
1396986900,False
1396987200,False
1396987500,False
1396987800,False
1396988100,False
1396988400,False
1396988700,False
1396989000,False
1396989300,False
1396989600,False
1396989900,False
1396990200,False
1396990500,False
1396990800,False
1396991100,False
1396991400,False
1396991700,False
1396992000,False
1396992300,False
1396992600,False
1396992900,False
1396993200,False
1396993500,False
1396993800,False
1396994100,False
1396994400,False
1396994700,False
1396995000,False
1396995300,False
1396995600,False
1396995900,False
1396996200,False
1396996500,False
1396996800,False
1396997100,False
1396997400,False
1396997700,False
1396998000,False
1396998300,False
1396998600,False
1396998900,False
1396999200,False
1396999500,False
1396999800,False
1397000100,False
1397000400,False
1397000700,False
1397001000,False
1397001300,False
1397001600,False
1397001900,False
1397002200,False
1397002500,False
1397002800,False
1397003100,False
1397003400,False
1397003700,False
1397004000,False
1397004300,False
1397004600,False
1397004900,False
1397005200,False
1397005500,False
1397005800,False
1397006100,False
1397006400,False
1397006700,False
1397007000,False
1397007300,False
1397007600,False
1397007900,False
1397008200,False
1397008500,False
1397008800,False
1397009100,False
1397009400,False
1397009700,False
1397010000,False
1397010300,False
1397010600,False
1397010900,False
1397011200,False
1397011500,False
1397011800,False
1397012100,False
1397012400,False
1397012700,False
1397013000,False
1397013300,False
1397013600,False
1397013900,False
1397014200,False
1397014500,False
1397014800,False
1397015100,False
1397015400,False
1397015700,False
1397016000,False
1397016300,False
1397016600,False
1397016900,False
1397017200,False
1397017500,False
1397017800,False
1397018100,False
1397018400,False
1397018700,False
1397019000,False
1397019300,False
1397019600,False
1397019900,False
1397020200,False
1397020500,False
1397020800,False
1397021100,False
1397021400,False
1397021700,False
1397022000,False
1397022300,False
1397022600,False
1397022900,False
1397023200,False
1397023500,False
1397023800,False
1397024100,False
1397024400,False
1397024700,False
1397025000,False
1397025300,False
1397025600,False
1397025900,False
1397026200,False
1397026500,False
1397026800,False
1397027100,False
1397027400,False
1397027700,False
1397028000,False
1397028300,False
1397028600,False
1397028900,False
1397029200,False
1397029500,False
1397029800,False
1397030100,False
1397030400,False
1397030700,False
1397031000,False
1397031300,False
1397031600,False
1397031900,False
1397032200,False
1397032500,False
1397032800,False
1397033100,False
1397033400,False
1397033700,False
1397034000,False
1397034300,False
1397034600,False
1397034900,False
1397035200,False
1397035500,False
1397035800,False
1397036100,False
1397036400,False
1397036700,False
1397037000,False
1397037300,False
1397037600,False
1397037900,False
1397038200,False
1397038500,False
1397038800,False
1397039100,False
1397039400,False
1397039700,False
1397040000,False
1397040300,False
1397040600,False
1397040900,False
1397041200,False
1397041500,False
1397041800,False
1397042100,False
1397042400,False
1397042700,False
1397043000,False
1397043300,False
1397043600,False
1397043900,False
1397044200,False
1397044500,False
1397044800,False
1397045100,False
1397045400,False
1397045700,False
1397046000,False
1397046300,False
1397046600,False
1397046900,False
1397047200,False
1397047500,False
1397047800,False
1397048100,False
1397048400,False
1397048700,False
1397049000,False
1397049300,False
1397049600,False
1397049900,False
1397050200,False
1397050500,False
1397050800,False
1397051100,False
1397051400,False
1397051700,False
1397052000,False
1397052300,False
1397052600,False
1397052900,False
1397053200,False
1397053500,False
1397053800,False
1397054100,False
1397054400,False
1397054700,False
1397055000,False
1397055300,False
1397055600,False
1397055900,False
1397056200,False
1397056500,False
1397056800,False
1397057100,False
1397057400,False
1397057700,False
1397058000,False
1397058300,False
1397058600,False
1397058900,False
1397059200,False
1397059500,False
1397059800,False
1397060100,False
1397060400,False
1397060700,False
1397061000,False
1397061300,False
1397061600,False
1397061900,False
1397062200,False
1397062500,False
1397062800,False
1397063100,False
1397063400,False
1397063700,False
1397064000,False
1397064300,False
1397064600,False
1397064900,False
1397065200,False
1397065500,False
1397065800,False
1397066100,False
1397066400,False
1397066700,False
1397067000,False
1397067300,False
1397067600,False
1397067900,False
1397068200,False
1397068500,False
1397068800,False
1397069100,False
1397069400,False
1397069700,False
1397070000,False
1397070300,False
1397070600,False
1397070900,False
1397071200,False
1397071500,False
1397071800,False
1397072100,False
1397072400,False
1397072700,False
1397073000,False
1397073300,False
1397073600,False
1397073900,False
1397074200,False
1397074500,False
1397074800,False
1397075100,False
1397075400,False
1397075700,False
1397076000,False
1397076300,False
1397076600,False
1397076900,False
1397077200,False
1397077500,False
1397077800,False
1397078100,False
1397078400,False
1397078700,False
1397079000,False
1397079300,False
1397079600,False
1397079900,False
1397080200,False
1397080500,False
1397080800,False
1397081100,False
1397081400,False
1397081700,False
1397082000,False
1397082300,False
1397082600,False
1397082900,False
1397083200,False
1397083500,False
1397083800,False
1397084100,False
1397084400,False
1397084700,False
1397085000,False
1397085300,False
1397085600,False
1397085900,False
1397086200,False
1397086500,False
1397086800,False
1397087100,False
1397087400,False
1397087700,False
1397088000,False
1397088300,False
1397088600,False
1397088900,False
1397089200,False
1397089500,False
1397089800,False
1397090100,False
1397090400,False
1397090700,False
1397091000,False
1397091300,False
1397091600,False
1397091900,False
1397092200,False
1397092500,False
1397092800,False
1397093100,False
1397093400,False
1397093700,False
1397094000,False
1397094300,False
1397094600,False
1397094900,False
1397095200,False
1397095500,False
1397095800,False
1397096100,False
1397096400,False
1397096700,False
1397097000,False
1397097300,False
1397097600,False
1397097900,False
1397098200,False
1397098500,False
1397098800,False
1397099100,False
1397099400,False
1397099700,False
1397100000,False
1397100300,False
1397100600,False
1397100900,False
1397101200,False
1397101500,False
1397101800,False
1397102100,False
1397102400,False
1397102700,False
1397103000,False
1397103300,False
1397103600,False
1397103900,False
1397104200,False
1397104500,False
1397104800,False
1397105100,False
1397105400,False
1397105700,False
1397106000,False
1397106300,False
1397106600,False
1397106900,False
1397107200,False
1397107500,False
1397107800,False
1397108100,False
1397108400,False
1397108700,False
1397109000,False
1397109300,False
1397109600,False
1397109900,False
1397110200,False
1397110500,False
1397110800,False
1397111100,False
1397111400,False
1397111700,False
1397112000,False
1397112300,False
1397112600,False
1397112900,False
1397113200,False
1397113500,False
1397113800,False
1397114100,False
1397114400,False
1397114700,False
1397115000,False
1397115300,False
1397115600,False
1397115900,False
1397116200,False
1397116500,False
1397116800,False
1397117100,False
1397117400,False
1397117700,False
1397118000,False
1397118300,False
1397118600,False
1397118900,False
1397119200,False
1397119500,False
1397119800,False
1397120100,False
1397120400,False
1397120700,False
1397121000,False
1397121300,False
1397121600,False
1397121900,False
1397122200,False
1397122500,False
1397122800,False
1397123100,False
1397123400,False
1397123700,False
1397124000,False
1397124300,False
1397124600,False
1397124900,False
1397125200,False
1397125500,False
1397125800,False
1397126100,False
1397126400,False
1397126700,False
1397127000,False
1397127300,False
1397127600,False
1397127900,False
1397128200,False
1397128500,False
1397128800,False
1397129100,False
1397129400,False
1397129700,False
1397130000,False
1397130300,False
1397130600,False
1397130900,False
1397131200,False
1397131500,False
1397131800,False
1397132100,False
1397132400,False
1397132700,False
1397133000,False
1397133300,False
1397133600,False
1397133900,False
1397134200,False
1397134500,False
1397134800,False
1397135100,False
1397135400,False
1397135700,False
1397136000,False
1397136300,False
1397136600,False
1397136900,False
1397137200,False
1397137500,False
1397137800,False
1397138100,False
1397138400,False
1397138700,False
1397139000,False
1397139300,False
1397139600,False
1397139900,False
1397140200,False
1397140500,False
1397140800,False
1397141100,False
1397141400,False
1397141700,False
1397142000,False
1397142300,False
1397142600,False
1397142900,False
1397143200,False
1397143500,False
1397143800,False
1397144100,False
1397144400,False
1397144700,False
1397145000,False
1397145300,False
1397145600,False
1397145900,False
1397146200,False
1397146500,False
1397146800,False
1397147100,False
1397147400,False
1397147700,False
1397148000,False
1397148300,False
1397148600,False
1397148900,False
1397149200,False
1397149500,False
1397149800,False
1397150100,False
1397150400,False
1397150700,False
1397151000,False
1397151300,False
1397151600,False
1397151900,False
1397152200,False
1397152500,False
1397152800,False
1397153100,False
1397153400,False
1397153700,False
1397154000,False
1397154300,False
1397154600,False
1397154900,False
1397155200,False
1397155500,False
1397155800,False
1397156100,False
1397156400,False
1397156700,False
1397157000,False
1397157300,False
1397157600,False
1397157900,False
1397158200,False
1397158500,False
1397158800,False
1397159100,False
1397159400,False
1397159700,False
1397160000,False
1397160300,False
1397160600,False
1397160900,False
1397161200,False
1397161500,False
1397161800,False
1397162100,False
1397162400,False
1397162700,False
1397163000,False
1397163300,False
1397163600,False
1397163900,False
1397164200,False
1397164500,False
1397164800,False
1397165100,False
1397165400,False
1397165700,False
1397166000,False
1397166300,False
1397166600,False
1397166900,False
1397167200,False
1397167500,False
1397167800,False
1397168100,False
1397168400,False
1397168700,False
1397169000,False
1397169300,False
1397169600,False
1397169900,False
1397170200,False
1397170500,False
1397170800,False
1397171100,False
1397171400,False
1397171700,False
1397172000,False
1397172300,False
1397172600,False
1397172900,False
1397173200,False
1397173500,False
1397173800,False
1397174100,False
1397174400,False
1397174700,False
1397175000,False
1397175300,False
1397175600,False
1397175900,False
1397176200,False
1397176500,False
1397176800,False
1397177100,False
1397177400,False
1397177700,False
1397178000,False
1397178300,False
1397178600,False
1397178900,False
1397179200,False
1397179500,False
1397179800,False
1397180100,False
1397180400,False
1397180700,False
1397181000,False
1397181300,False
1397181600,False
1397181900,False
1397182200,False
1397182500,False
1397182800,False
1397183100,False
1397183400,False
1397183700,False
1397184000,False
1397184300,False
1397184600,False
1397184900,False
1397185200,False
1397185500,False
1397185800,False
1397186100,False
1397186400,False
1397186700,False
1397187000,False
1397187300,False
1397187600,False
1397187900,False
1397188200,False
1397188500,False
1397188800,False
1397189100,False
1397189400,False
1397189700,False
1397190000,False
1397190300,False
1397190600,False
1397190900,False
1397191200,False
1397191500,False
1397191800,False
1397192100,False
1397192400,False
1397192700,False
1397193000,False
1397193300,False
1397193600,False
1397193900,False
1397194200,False
1397194500,False
1397194800,False
1397195100,False
1397195400,False
1397195700,False
1397196000,False
1397196300,False
1397196600,False
1397196900,False
1397197200,False
1397197500,False
1397197800,False
1397198100,False
1397198400,False
1397198700,False
1397199000,False
1397199300,False
1397199600,False
1397199900,False
1397200200,False
1397200500,False
1397200800,False
1397201100,False
1397201400,False
1397201700,False
1397202000,False
1397202300,False
1397202600,False
1397202900,False
1397203200,False
1397203500,False
1397203800,False
1397204100,False
1397204400,False
1397204700,False
1397205000,False
1397205300,False
1397205600,False
1397205900,False
1397206200,False
1397206500,False
1397206800,False
1397207100,False
1397207400,False
1397207700,False
1397208000,False
1397208300,False
1397208600,False
1397208900,False
1397209200,False
1397209500,False
1397209800,False
1397210100,False
1397210400,False
1397210700,False
1397211000,False
1397211300,False
1397211600,False
1397211900,False
1397212200,False
1397212500,False
1397212800,False
1397213100,False
1397213400,False
1397213700,False
1397214000,False
1397214300,False
1397214600,False
1397214900,False
1397215200,False
1397215500,False
1397215800,False
1397216100,False
1397216400,False
1397216700,False
1397217000,False
1397217300,False
1397217600,False
1397217900,False
1397218200,False
1397218500,False
1397218800,False
1397219100,False
1397219400,False
1397219700,False
1397220000,False
1397220300,False
1397220600,False
1397220900,False
1397221200,False
1397221500,False
1397221800,False
1397222100,False
1397222400,False
1397222700,False
1397223000,False
1397223300,False
1397223600,False
1397223900,False
1397224200,False
1397224500,False
1397224800,False
1397225100,False
1397225400,False
1397225700,False
1397226000,False
1397226300,False
1397226600,False
1397226900,False
1397227200,False
1397227500,False
1397227800,False
1397228100,False
1397228400,False
1397228700,False
1397229000,False
1397229300,False
1397229600,False
1397229900,False
1397230200,False
1397230500,False
1397230800,False
1397231100,False
1397231400,False
1397231700,False
1397232000,False
1397232300,False
1397232600,False
1397232900,False
1397233200,False
1397233500,False
1397233800,False
1397234100,False
1397234400,False
1397234700,False
1397235000,False
1397235300,False
1397235600,False
1397235900,False
1397236200,False
1397236500,False
1397236800,False
1397237100,False
1397237400,False
1397237700,False
1397238000,False
1397238300,False
1397238600,False
1397238900,False
1397239200,False
1397239500,False
1397239800,False
1397240100,False
1397240400,False
1397240700,False
1397241000,False
1397241300,False
1397241600,False
1397241900,False
1397242200,False
1397242500,False
1397242800,False
1397243100,False
1397243400,False
1397243700,False
1397244000,False
1397244300,False
1397244600,False
1397244900,False
1397245200,False
1397245500,False
1397245800,False
1397246100,False
1397246400,False
1397246700,False
1397247000,False
1397247300,False
1397247600,False
1397247900,False
1397248200,False
1397248500,False
1397248800,False
1397249100,False
1397249400,False
1397249700,False
1397250000,False
1397250300,False
1397250600,False
1397250900,False
1397251200,False
1397251500,False
1397251800,False
1397252100,False
1397252400,False
1397252700,False
1397253000,False
1397253300,False
1397253600,False
1397253900,False
1397254200,False
1397254500,False
1397254800,False
1397255100,False
1397255400,False
1397255700,False
1397256000,False
1397256300,False
1397256600,False
1397256900,False
1397257200,False
1397257500,False
1397257800,False
1397258100,False
1397258400,False
1397258700,False
1397259000,False
1397259300,False
1397259600,False
1397259900,False
1397260200,False
1397260500,False
1397260800,False
1397261100,False
1397261400,False
1397261700,False
1397262000,False
1397262300,False
1397262600,False
1397262900,False
1397263200,False
1397263500,False
1397263800,False
1397264100,False
1397264400,False
1397264700,False
1397265000,False
1397265300,False
1397265600,False
1397265900,False
1397266200,False
1397266500,False
1397266800,False
1397267100,False
1397267400,False
1397267700,False
1397268000,False
1397268300,False
1397268600,False
1397268900,False
1397269200,False
1397269500,False
1397269800,False
1397270100,False
1397270400,False
1397270700,False
1397271000,False
1397271300,False
1397271600,False
1397271900,False
1397272200,False
1397272500,False
1397272800,False
1397273100,False
1397273400,False
1397273700,False
1397274000,False
1397274300,False
1397274600,False
1397274900,False
1397275200,False
1397275500,False
1397275800,False
1397276100,False
1397276400,False
1397276700,False
1397277000,False
1397277300,False
1397277600,False
1397277900,False
1397278200,False
1397278500,False
1397278800,False
1397279100,False
1397279400,False
1397279700,False
1397280000,False
1397280300,False
1397280600,False
1397280900,False
1397281200,False
1397281500,False
1397281800,False
1397282100,False
1397282400,False
1397282700,False
1397283000,False
1397283300,False
1397283600,False
1397283900,False
1397284200,False
1397284500,False
1397284800,False
1397285100,False
1397285400,False
1397285700,False
1397286000,False
1397286300,False
1397286600,False
1397286900,False
1397287200,False
1397287500,False
1397287800,False
1397288100,False
1397288400,False
1397288700,False
1397289000,False
1397289300,False
1397289600,False
1397289900,False
1397290200,False
1397290500,False
1397290800,False
1397291100,False
1397291400,False
1397291700,False
1397292000,False
1397292300,False
1397292600,False
1397292900,False
1397293200,False
1397293500,False
1397293800,False
1397294100,False
1397294400,False
1397294700,False
1397295000,False
1397295300,False
1397295600,False
1397295900,False
1397296200,False
1397296500,False
1397296800,False
1397297100,False
1397297400,False
1397297700,False
1397298000,False
1397298300,False
1397298600,False
1397298900,False
1397299200,False
1397299500,False
1397299800,False
1397300100,False
1397300400,False
1397300700,False
1397301000,False
1397301300,False
1397301600,False
1397301900,False
1397302200,False
1397302500,False
1397302800,False
1397303100,False
1397303400,False
1397303700,False
1397304000,False
1397304300,False
1397304600,False
1397304900,False
1397305200,False
1397305500,False
1397305800,False
1397306100,False
1397306400,False
1397306700,False
1397307000,False
1397307300,False
1397307600,False
1397307900,False
1397308200,False
1397308500,False
1397308800,False
1397309100,False
1397309400,False
1397309700,False
1397310000,False
1397310300,False
1397310600,False
1397310900,False
1397311200,False
1397311500,False
1397311800,False
1397312100,False
1397312400,False
1397312700,False
1397313000,False
1397313300,False
1397313600,False
1397313900,False
1397314200,False
1397314500,False
1397314800,False
1397315100,False
1397315400,False
1397315700,False
1397316000,False
1397316300,False
1397316600,False
1397316900,False
1397317200,False
1397317500,False
1397317800,False
1397318100,False
1397318400,False
1397318700,False
1397319000,False
1397319300,False
1397319600,False
1397319900,False
1397320200,False
1397320500,False
1397320800,False
1397321100,False
1397321400,False
1397321700,False
1397322000,False
1397322300,False
1397322600,False
1397322900,False
1397323200,False
1397323500,False
1397323800,False
1397324100,False
1397324400,False
1397324700,False
1397325000,False
1397325300,False
1397325600,False
1397325900,False
1397326200,False
1397326500,False
1397326800,False
1397327100,False
1397327400,False
1397327700,False
1397328000,False
1397328300,False
1397328600,False
1397328900,False
1397329200,False
1397329500,False
1397329800,False
1397330100,False
1397330400,False
1397330700,False
1397331000,False
1397331300,False
1397331600,False
1397331900,False
1397332200,False
1397332500,False
1397332800,False
1397333100,False
1397333400,False
1397333700,False
1397334000,False
1397334300,False
1397334600,False
1397334900,False
1397335200,False
1397335500,False
1397335800,False
1397336100,False
1397336400,False
1397336700,False
1397337000,False
1397337300,False
1397337600,False
1397337900,False
1397338200,False
1397338500,False
1397338800,False
1397339100,False
1397339400,False
1397339700,False
1397340000,False
1397340300,False
1397340600,False
1397340900,False
1397341200,False
1397341500,False
1397341800,False
1397342100,False
1397342400,False
1397342700,False
1397343000,False
1397343300,False
1397343600,False
1397343900,False
1397344200,False
1397344500,False
1397344800,False
1397345100,False
1397345400,False
1397345700,False
1397346000,False
1397346300,False
1397346600,False
1397346900,False
1397347200,False
1397347500,False
1397347800,False
1397348100,False
1397348400,False
1397348700,False
1397349000,False
1397349300,False
1397349600,False
1397349900,False
1397350200,False
1397350500,False
1397350800,False
1397351100,False
1397351400,False
1397351700,False
1397352000,False
1397352300,False
1397352600,False
1397352900,False
1397353200,False
1397353500,False
1397353800,False
1397354100,False
1397354400,False
1397354700,False
1397355000,False
1397355300,False
1397355600,False
1397355900,False
1397356200,False
1397356500,False
1397356800,False
1397357100,False
1397357400,False
1397357700,False
1397358000,False
1397358300,False
1397358600,False
1397358900,False
1397359200,False
1397359500,False
1397359800,False
1397360100,False
1397360400,False
1397360700,False
1397361000,False
1397361300,False
1397361600,False
1397361900,False
1397362200,False
1397362500,False
1397362800,False
1397363100,False
1397363400,False
1397363700,False
1397364000,False
1397364300,False
1397364600,False
1397364900,False
1397365200,False
1397365500,False
1397365800,False
1397366100,False
1397366400,False
1397366700,False
1397367000,False
1397367300,False
1397367600,False
1397367900,False
1397368200,False
1397368500,False
1397368800,False
1397369100,False
1397369400,False
1397369700,False
1397370000,False
1397370300,False
1397370600,False
1397370900,False
1397371200,False
1397371500,False
1397371800,False
1397372100,False
1397372400,False
1397372700,False
1397373000,False
1397373300,False
1397373600,False
1397373900,False
1397374200,False
1397374500,False
1397374800,False
1397375100,False
1397375400,False
1397375700,False
1397376000,False
1397376300,False
1397376600,False
1397376900,False
1397377200,False
1397377500,False
1397377800,False
1397378100,False
1397378400,False
1397378700,False
1397379000,False
1397379300,False
1397379600,False
1397379900,False
1397380200,False
1397380500,False
1397380800,False
1397381100,False
1397381400,False
1397381700,False
1397382000,False
1397382300,False
1397382600,False
1397382900,False
1397383200,False
1397383500,False
1397383800,False
1397384100,False
1397384400,False
1397384700,False
1397385000,False
1397385300,False
1397385600,False
1397385900,False
1397386200,False
1397386500,False
1397386800,False
1397387100,False
1397387400,False
1397387700,False
1397388000,False
1397388300,False
1397388600,False
1397388900,False
1397389200,False
1397389500,False
1397389800,False
1397390100,False
1397390400,False
1397390700,False
1397391000,False
1397391300,False
1397391600,False
1397391900,False
1397392200,False
1397392500,False
1397392800,False
1397393100,False
1397393400,False
1397393700,False
1397394000,False
1397394300,False
1397394600,False
1397394900,False
1397395200,False
1397395500,False
1397395800,False
1397396100,False
1397396400,False
1397396700,False
1397397000,False
1397397300,False
1397397600,False
1397397900,False
1397398200,False
1397398500,False
1397398800,False
1397399100,False
1397399400,False
1397399700,False
1397400000,False
1397400300,False
1397400600,False
1397400900,False
1397401200,False
1397401500,False
1397401800,False
1397402100,False
1397402400,False
1397402700,False
1397403000,False
1397403300,False
1397403600,False
1397403900,False
1397404200,False
1397404500,False
1397404800,False
1397405100,False
1397405400,False
1397405700,False
1397406000,False
1397406300,False
1397406600,False
1397406900,False
1397407200,False
1397407500,False
1397407800,False
1397408100,False
1397408400,False
1397408700,False
1397409000,False
1397409300,False
1397409600,False
1397409900,False
1397410200,False
1397410500,False
1397410800,False
1397411100,False
1397411400,False
1397411700,False
1397412000,False
1397412300,False
1397412600,False
1397412900,False
1397413200,False
1397413500,False
1397413800,False
1397414100,False
1397414400,False
1397414700,False
1397415000,False
1397415300,False
1397415600,False
1397415900,False
1397416200,False
1397416500,False
1397416800,False
1397417100,False
1397417400,False
1397417700,False
1397418000,False
1397418300,False
1397418600,False
1397418900,False
1397419200,False
1397419500,False
1397419800,False
1397420100,False
1397420400,False
1397420700,False
1397421000,False
1397421300,False
1397421600,False
1397421900,False
1397422200,False
1397422500,False
1397422800,False
1397423100,False
1397423400,False
1397423700,False
1397424000,False
1397424300,False
1397424600,False
1397424900,False
1397425200,False
1397425500,False
1397425800,False
1397426100,False
1397426400,False
1397426700,False
1397427000,False
1397427300,False
1397427600,False
1397427900,False
1397428200,False
1397428500,False
1397428800,False
1397429100,False
1397429400,False
1397429700,False
1397430000,False
1397430300,False
1397430600,False
1397430900,False
1397431200,False
1397431500,False
1397431800,False
1397432100,False
1397432400,False
1397432700,False
1397433000,False
1397433300,False
1397433600,False
1397433900,False
1397434200,False
1397434500,False
1397434800,False
1397435100,False
1397435400,False
1397435700,False
1397436000,False
1397436300,False
1397436600,False
1397436900,False
1397437200,False
1397437500,False
1397437800,False
1397438100,False
1397438400,False
1397438700,False
1397439000,False
1397439300,False
1397439600,False
1397439900,False
1397440200,False
1397440500,False
1397440800,False
1397441100,False
1397441400,False
1397441700,False
1397442000,False
1397442300,False
1397442600,False
1397442900,False
1397443200,False
1397443500,False
1397443800,False
1397444100,False
1397444400,False
1397444700,False
1397445000,False
1397445300,False
1397445600,False
1397445900,False
1397446200,False
1397446500,False
1397446800,False
1397447100,False
1397447400,False
1397447700,False
1397448000,False
1397448300,False
1397448600,False
1397448900,False
1397449200,False
1397449500,False
1397449800,False
1397450100,False
1397450400,False
1397450700,False
1397451000,False
1397451300,False
1397451600,False
1397451900,False
1397452200,False
1397452500,False
1397452800,False
1397453100,False
1397453400,False
1397453700,False
1397454000,False
1397454300,False
1397454600,False
1397454900,False
1397455200,False
1397455500,False
1397455800,False
1397456100,False
1397456400,False
1397456700,False
1397457000,False
1397457300,False
1397457600,False
1397457900,False
1397458200,False
1397458500,False
1397458800,False
1397459100,False
1397459400,False
1397459700,False
1397460000,False
1397460300,False
1397460600,False
1397460900,False
1397461200,False
1397461500,False
1397461800,False
1397462100,False
1397462400,False
1397462700,False
1397463000,False
1397463300,False
1397463600,False
1397463900,False
1397464200,False
1397464500,False
1397464800,False
1397465100,False
1397465400,False
1397465700,False
1397466000,False
1397466300,False
1397466600,False
1397466900,False
1397467200,False
1397467500,False
1397467800,False
1397468100,False
1397468400,False
1397468700,False
1397469000,False
1397469300,False
1397469600,False
1397469900,False
1397470200,False
1397470500,False
1397470800,False
1397471100,False
1397471400,False
1397471700,False
1397472000,False
1397472300,False
1397472600,False
1397472900,False
1397473200,False
1397473500,False
1397473800,False
1397474100,False
1397474400,False
1397474700,False
1397475000,False
1397475300,False
1397475600,False
1397475900,False
1397476200,False
1397476500,False
1397476800,False
1397477100,False
1397477400,False
1397477700,False
1397478000,False
1397478300,False
1397478600,False
1397478900,False
1397479200,False
1397479500,False
1397479800,False
1397480100,False
1397480400,False
1397480700,False
1397481000,False
1397481300,False
1397481600,False
1397481900,False
1397482200,False
1397482500,False
1397482800,False
1397483100,False
1397483400,False
1397483700,False
1397484000,False
1397484300,False
1397484600,False
1397484900,False
1397485200,False
1397485500,False
1397485800,False
1397486100,False
1397486400,False
1397486700,False
1397487000,False
1397487300,False
1397487600,False
1397487900,False
1397488200,False
1397488500,False
1397488800,False
1397489100,False
1397489400,False
1397489700,False
1397490000,False
1397490300,False
1397490600,False
1397490900,False
1397491200,False
1397491500,False
1397491800,False
1397492100,False
1397492400,False
1397492700,False
1397493000,False
1397493300,False
1397493600,False
1397493900,False
1397494200,False
1397494500,False
1397494800,False
1397495100,False
1397495400,False
1397495700,False
1397496000,False
1397496300,False
1397496600,False
1397496900,False
1397497200,False
1397497500,False
1397497800,False
1397498100,False
1397498400,False
1397498700,False
1397499000,False
1397499300,False
1397499600,False
1397499900,False
1397500200,False
1397500500,False
1397500800,False
1397501100,False
1397501400,False
1397501700,False
1397502000,False
1397502300,False
1397502600,False
1397502900,False
1397503200,False
1397503500,False
1397503800,False
1397504100,False
1397504400,False
1397504700,False
1397505000,False
1397505300,False
1397505600,False
1397505900,False
1397506200,False
1397506500,False
1397506800,False
1397507100,False
1397507400,False
1397507700,False
1397508000,False
1397508300,False
1397508600,False
1397508900,False
1397509200,False
1397509500,False
1397509800,False
1397510100,False
1397510400,False
1397510700,False
1397511000,False
1397511300,False
1397511600,False
1397511900,False
1397512200,False
1397512500,False
1397512800,False
1397513100,False
1397513400,False
1397513700,False
1397514000,False
1397514300,False
1397514600,False
1397514900,False
1397515200,False
1397515500,False
1397515800,False
1397516100,False
1397516400,False
1397516700,False
1397517000,False
1397517300,False
1397517600,False
1397517900,False
1397518200,False
1397518500,False
1397518800,False
1397519100,False
1397519400,False
1397519700,False
